filename,label,video_score,pred,n_used
19__talking_angry_couch.mp4,1,0.7544503211975098,1,10
12__exit_phone_room.mp4,1,0.7297584414482117,1,10
13__kitchen_still.mp4,1,0.9510111808776855,1,10
10__kitchen_pan.mp4,1,0.9081095457077026,1,8
04__secret_conversation.mp4,1,0.7000470161437988,1,10
28__outside_talking_pan_laughing.mp4,1,0.9485630989074707,1,8
02__kitchen_pan.mp4,1,0.7045848369598389,1,9
23__walking_down_indoor_hall_disgust.mp4,1,0.9199334979057312,1,10
25__walking_outside_cafe_disgusted.mp4,1,0.872174084186554,1,10
27__talking_angry_couch.mp4,1,0.8518809676170349,1,10
25__podium_speech_happy.mp4,1,0.9488899111747742,1,10
03__outside_talking_still_laughing.mp4,1,0.9343902468681335,1,10
11__exit_phone_room.mp4,1,0.7782139182090759,1,10
18__walk_down_hall_angry.mp4,1,0.6559361219406128,1,9
02__walking_and_outside_surprised.mp4,1,0.9384719729423523,1,10
12__podium_speech_happy.mp4,1,0.7907190322875977,1,10
27__outside_talking_pan_laughing.mp4,1,0.9510594010353088,1,8
19__walking_down_street_outside_angry.mp4,1,0.7763118147850037,1,10
22__outside_talking_pan_laughing.mp4,1,0.94709312915802,1,8
21__walking_down_street_outside_angry.mp4,1,0.7697414755821228,1,10
25__talking_against_wall.mp4,1,0.9450344443321228,1,10
06__walk_down_hall_angry.mp4,1,0.499319851398468,0,10
20__outside_talking_pan_laughing.mp4,1,0.9475427865982056,1,8
08__walk_down_hall_angry.mp4,1,0.8520951271057129,1,9
22__talking_against_wall.mp4,1,0.9490906000137329,1,10
14__exit_phone_room.mp4,1,0.8773401379585266,1,10
21__exit_phone_room.mp4,1,0.7578573226928711,1,10
17__talking_angry_couch.mp4,1,0.8511124849319458,1,10
17__walk_down_hall_angry.mp4,1,0.6978110671043396,1,10
14__secret_conversation.mp4,1,0.9471179246902466,1,10
09__outside_talking_still_laughing.mp4,1,0.9491371512413025,1,10
06__kitchen_still.mp4,1,0.8236549496650696,1,10
17__hugging_happy.mp4,1,0.9458003044128418,1,10
15__talking_angry_couch.mp4,1,0.7421910166740417,1,10
20__walking_outside_cafe_disgusted.mp4,1,0.8041371703147888,1,10
27__hugging_happy.mp4,1,0.8894328474998474,1,10
07__talking_angry_couch.mp4,1,0.13479185104370117,0,10
16__exit_phone_room.mp4,1,0.7104372382164001,1,10
24__outside_talking_pan_laughing.mp4,1,0.941868245601654,1,9
16__hugging_happy.mp4,1,0.8745756149291992,1,10
06__kitchen_pan.mp4,1,0.9114993810653687,1,8
05__kitchen_pan.mp4,1,0.33403393626213074,0,8
08__kitchen_pan.mp4,1,0.9459145069122314,1,8
22__exit_phone_room.mp4,1,0.8723819851875305,1,10
13__outside_talking_still_laughing.mp4,1,0.9142794013023376,1,10
06__exit_phone_room.mp4,1,0.6477447748184204,1,10
27__walking_and_outside_surprised.mp4,1,0.7806633114814758,1,10
15__walking_and_outside_surprised.mp4,1,0.9235960245132446,1,10
11__walk_down_hall_angry.mp4,1,0.7656468749046326,1,10
04__outside_talking_still_laughing.mp4,1,0.9336020350456238,1,10
20__secret_conversation.mp4,1,0.6021669507026672,1,10
01__talking_against_wall.mp4,1,0.9443883895874023,1,10
06__hugging_happy.mp4,1,0.9453853964805603,1,10
21__walking_down_indoor_hall_disgust.mp4,1,0.7558045387268066,1,10
17__outside_talking_still_laughing.mp4,1,0.916234016418457,1,10
20__hugging_happy.mp4,1,0.9247035980224609,1,10
08__walking_down_street_outside_angry.mp4,1,0.939854085445404,1,10
03__secret_conversation.mp4,1,0.7597617506980896,1,10
19__kitchen_still.mp4,1,0.6748895049095154,1,10
12__secret_conversation.mp4,1,0.9376316070556641,1,10
19__exit_phone_room.mp4,1,0.6899466514587402,1,10
03__podium_speech_happy.mp4,1,0.8242120742797852,1,10
16__talking_against_wall.mp4,1,0.8329019546508789,1,10
15__kitchen_pan.mp4,1,0.6936108469963074,1,8
18__kitchen_still.mp4,1,0.8725287318229675,1,10
02__meeting_serious.mp4,1,0.1997946947813034,0,10
14__walking_down_indoor_hall_disgust.mp4,1,0.9297915697097778,1,10
19__outside_talking_still_laughing.mp4,1,0.9519932866096497,1,10
26__kitchen_still.mp4,1,0.9211241602897644,1,10
01__walk_down_hall_angry.mp4,1,0.8353568911552429,1,10
28__kitchen_pan.mp4,1,0.623557984828949,1,8
23__exit_phone_room.mp4,1,0.8405523300170898,1,10
14__talking_angry_couch.mp4,1,0.7929043173789978,1,10
03__meeting_serious.mp4,1,0.7764942646026611,1,10
23__walk_down_hall_angry.mp4,1,0.7554721236228943,1,9
23__walking_outside_cafe_disgusted.mp4,1,0.6686914563179016,1,10
10__outside_talking_pan_laughing.mp4,1,0.9468432664871216,1,8
12__walking_and_outside_surprised.mp4,1,0.9522043466567993,1,10
12__walking_down_indoor_hall_disgust.mp4,1,0.9224813580513,1,10
03__exit_phone_room.mp4,1,0.8669281005859375,1,10
15__outside_talking_still_laughing.mp4,1,0.9489380121231079,1,10
20__walking_down_street_outside_angry.mp4,1,0.7993985414505005,1,10
12__walking_down_street_outside_angry.mp4,1,0.6902400255203247,1,10
09__kitchen_pan.mp4,1,0.9393974542617798,1,8
08__walking_outside_cafe_disgusted.mp4,1,0.8852869272232056,1,10
13__exit_phone_room.mp4,1,0.8759638071060181,1,10
01__hugging_happy.mp4,1,0.9312548041343689,1,10
04__talking_angry_couch.mp4,1,0.9515280723571777,1,10
02__outside_talking_pan_laughing.mp4,1,0.945172905921936,1,8
27__exit_phone_room.mp4,1,0.8734418153762817,1,10
04__walk_down_hall_angry.mp4,1,0.30710405111312866,0,10
12__talking_angry_couch.mp4,1,0.8033151030540466,1,10
19__podium_speech_happy.mp4,1,0.7921923995018005,1,10
02__talking_angry_couch.mp4,1,0.8975263833999634,1,10
06__outside_talking_pan_laughing.mp4,1,0.945904552936554,1,8
24__podium_speech_happy.mp4,1,0.8495079278945923,1,10
09__outside_talking_pan_laughing.mp4,1,0.9469473361968994,1,9
24__talking_angry_couch.mp4,1,0.31155160069465637,0,10
03__kitchen_pan.mp4,1,0.9328149557113647,1,8
28__podium_speech_happy.mp4,1,0.9197664260864258,1,10
23__talking_against_wall.mp4,1,0.9488226175308228,1,10
08__outside_talking_pan_laughing.mp4,1,0.9487190246582031,1,8
01__walking_down_indoor_hall_disgust.mp4,1,0.8546797037124634,1,10
17__kitchen_still.mp4,1,0.9529903531074524,1,10
16__kitchen_still.mp4,1,0.13117952644824982,0,10
06__walking_outside_cafe_disgusted.mp4,1,0.746445894241333,1,10
28__walking_down_street_outside_angry.mp4,1,0.8221718072891235,1,10
26__walk_down_hall_angry.mp4,1,0.2882847785949707,0,10
15__podium_speech_happy.mp4,1,0.9110143780708313,1,10
21__kitchen_pan.mp4,1,0.9483078718185425,1,8
13__outside_talking_pan_laughing.mp4,1,0.9507956504821777,1,8
27__outside_talking_still_laughing.mp4,1,0.9397088885307312,1,10
28__walk_down_hall_angry.mp4,1,0.8321552276611328,1,10
11__walking_down_street_outside_angry.mp4,1,0.7835532426834106,1,10
27__talking_against_wall.mp4,1,0.9490036964416504,1,10
07__podium_speech_happy.mp4,1,0.8851604461669922,1,10
09__talking_angry_couch.mp4,1,0.6760193705558777,1,10
08__outside_talking_still_laughing.mp4,1,0.9491039514541626,1,10
03__hugging_happy.mp4,1,0.9407510757446289,1,10
15__kitchen_still.mp4,1,0.9070442318916321,1,10
04__podium_speech_happy.mp4,1,0.7600406408309937,1,10
13__walk_down_hall_angry.mp4,1,0.7648925185203552,1,10
20__kitchen_pan.mp4,1,0.9324300289154053,1,8
02__podium_speech_happy.mp4,1,0.9069408774375916,1,10
22__walking_down_street_outside_angry.mp4,1,0.8715446591377258,1,10
14__talking_against_wall.mp4,1,0.9487150311470032,1,10
22__kitchen_still.mp4,1,0.9450821876525879,1,10
11__talking_against_wall.mp4,1,0.9510893821716309,1,10
26__outside_talking_pan_laughing.mp4,1,0.9076540470123291,1,9
15__exit_phone_room.mp4,1,0.741063117980957,1,10
22__secret_conversation.mp4,1,0.9505363702774048,1,10
09__talking_against_wall.mp4,1,0.9486506581306458,1,10
27__walking_down_indoor_hall_disgust.mp4,1,0.8698925375938416,1,10
18__walking_outside_cafe_disgusted.mp4,1,0.9024726748466492,1,10
08__talking_against_wall.mp4,1,0.9491937756538391,1,10
21__walking_outside_cafe_disgusted.mp4,1,0.7102406024932861,1,10
18__outside_talking_pan_laughing.mp4,1,0.9483577609062195,1,8
26__walking_outside_cafe_disgusted.mp4,1,0.7965506911277771,1,10
01__kitchen_pan.mp4,1,0.9297969937324524,1,9
25__walking_down_street_outside_angry.mp4,1,0.9132407307624817,1,9
02__kitchen_still.mp4,1,0.6484293341636658,1,10
07__kitchen_pan.mp4,1,0.8985893726348877,1,9
19__secret_conversation.mp4,1,0.9498453140258789,1,10
16__walk_down_hall_angry.mp4,1,0.19236013293266296,0,10
09__walking_down_street_outside_angry.mp4,1,0.8399101495742798,1,10
21__outside_talking_still_laughing.mp4,1,0.9468750357627869,1,10
20__podium_speech_happy.mp4,1,0.7841599583625793,1,10
22__kitchen_pan.mp4,1,0.8967561721801758,1,9
20__walking_and_outside_surprised.mp4,1,0.933035671710968,1,10
07__walk_down_hall_angry.mp4,1,0.8259986042976379,1,9
01__outside_talking_still_laughing.mp4,1,0.9519365429878235,1,10
01__walking_outside_cafe_disgusted.mp4,1,0.8843677639961243,1,10
13__talking_against_wall.mp4,1,0.9513971209526062,1,10
21__walk_down_hall_angry.mp4,1,0.5739883780479431,1,9
06__outside_talking_still_laughing.mp4,1,0.9469698071479797,1,10
10__walking_down_street_outside_angry.mp4,1,0.797562301158905,1,10
14__kitchen_still.mp4,1,0.9449203610420227,1,10
03__walk_down_hall_angry.mp4,1,0.779809832572937,1,10
12__kitchen_still.mp4,1,0.9514309763908386,1,10
23__hugging_happy.mp4,1,0.7440433502197266,1,10
26__talking_against_wall.mp4,1,0.9430209398269653,1,10
04__exit_phone_room.mp4,1,0.7068094611167908,1,10
05__walking_down_street_outside_angry.mp4,1,0.3468003273010254,0,10
01__exit_phone_room.mp4,1,0.7421906590461731,1,10
03__outside_talking_pan_laughing.mp4,1,0.9421713352203369,1,8
22__walking_and_outside_surprised.mp4,1,0.9496227502822876,1,10
08__exit_phone_room.mp4,1,0.7319840788841248,1,10
14__kitchen_pan.mp4,1,0.9337025880813599,1,8
01__walking_down_street_outside_angry.mp4,1,0.8112825751304626,1,10
02__walking_down_street_outside_angry.mp4,1,0.5837809443473816,1,10
24__exit_phone_room.mp4,1,0.7892720103263855,1,10
21__walking_and_outside_surprised.mp4,1,0.933035671710968,1,10
25__outside_talking_pan_laughing.mp4,1,0.9490295648574829,1,8
04__walking_down_street_outside_angry.mp4,1,0.778009831905365,1,10
13__kitchen_pan.mp4,1,0.9503740668296814,1,8
16__walking_down_street_outside_angry.mp4,1,0.5637785196304321,1,10
06__walking_and_outside_surprised.mp4,1,0.8491121530532837,1,10
15__walking_down_street_outside_angry.mp4,1,0.777478039264679,1,10
18__secret_conversation.mp4,1,0.880100667476654,1,10
17__exit_phone_room.mp4,1,0.6674208045005798,1,10
12__talking_against_wall.mp4,1,0.9537515640258789,1,10
10__walk_down_hall_angry.mp4,1,0.7550842761993408,1,10
28__secret_conversation.mp4,1,0.8283359408378601,1,10
03__talking_angry_couch.mp4,1,0.9379664659500122,1,10
15__walk_down_hall_angry.mp4,1,0.5253612995147705,1,9
02__walk_down_hall_angry.mp4,1,0.55637127161026,1,10
27__kitchen_still.mp4,1,0.8631904721260071,1,10
06__walking_down_indoor_hall_disgust.mp4,1,0.6032779812812805,1,10
02__outside_talking_still_laughing.mp4,1,0.9446178674697876,1,10
20__talking_angry_couch.mp4,1,0.8595079779624939,1,10
21__talking_angry_couch.mp4,1,0.7998298406600952,1,10
16__kitchen_pan.mp4,1,0.08682994544506073,0,9
11__outside_talking_still_laughing.mp4,1,0.9493284225463867,1,10
02__talking_against_wall.mp4,1,0.9440053105354309,1,10
07__secret_conversation.mp4,1,0.9138988852500916,1,10
03__walking_outside_cafe_disgusted.mp4,1,0.6554049253463745,1,9
14__walk_down_hall_angry.mp4,1,0.6767997741699219,1,10
22__walking_down_indoor_hall_disgust.mp4,1,0.9199334979057312,1,10
26__kitchen_pan.mp4,1,0.8495720624923706,1,8
23__walking_down_street_outside_angry.mp4,1,0.8471515774726868,1,10
05__walk_down_hall_angry.mp4,1,0.1772112399339676,0,10
11__podium_speech_happy.mp4,1,0.8767864108085632,1,10
25__walk_down_hall_angry.mp4,1,0.6723867654800415,1,10
20__exit_phone_room.mp4,1,0.8297139406204224,1,10
12__outside_talking_pan_laughing.mp4,1,0.9502841234207153,1,8
05__walking_outside_cafe_disgusted.mp4,1,0.6134519577026367,1,9
18__kitchen_pan.mp4,1,0.9480123519897461,1,8
15__hugging_happy.mp4,1,0.716771125793457,1,10
28__outside_talking_still_laughing.mp4,1,0.9490815997123718,1,10
16__walking_and_outside_surprised.mp4,1,0.7766932845115662,1,10
18__walking_down_street_outside_angry.mp4,1,0.8425968289375305,1,10
23__walking_and_outside_surprised.mp4,1,0.9496227502822876,1,10
26__secret_conversation.mp4,1,0.8095831871032715,1,10
25__exit_phone_room.mp4,1,0.7457112669944763,1,10
01__meeting_serious.mp4,1,0.8477315306663513,1,10
15__walking_outside_cafe_disgusted.mp4,1,0.6263092160224915,1,10
18__outside_talking_still_laughing.mp4,1,0.9501174092292786,1,10
13__talking_angry_couch.mp4,1,0.9137460589408875,1,10
06__walking_down_street_outside_angry.mp4,1,0.8262814879417419,1,10
11__outside_talking_pan_laughing.mp4,1,0.9496604204177856,1,8
22__podium_speech_happy.mp4,1,0.8657281994819641,1,10
05__exit_phone_room.mp4,1,0.34563279151916504,0,10
02__hugging_happy.mp4,1,0.93988037109375,1,10
15__outside_talking_pan_laughing.mp4,1,0.9488108158111572,1,8
10__podium_speech_happy.mp4,1,0.6483824849128723,1,10
03__kitchen_still.mp4,1,0.940617561340332,1,10
13__walking_outside_cafe_disgusted.mp4,1,0.9448437690734863,1,10
18__exit_phone_room.mp4,1,0.7531824111938477,1,10
27__walk_down_hall_angry.mp4,1,0.5891753435134888,1,10
10__talking_angry_couch.mp4,1,0.8592191934585571,1,10
22__walk_down_hall_angry.mp4,1,0.758632481098175,1,10
04__kitchen_pan.mp4,1,0.428545206785202,0,8
14__walking_and_outside_surprised.mp4,1,0.9415680766105652,1,10
21__hugging_happy.mp4,1,0.9333657622337341,1,10
13__walking_down_indoor_hall_disgust.mp4,1,0.9224813580513,1,10
14__walking_outside_cafe_disgusted.mp4,1,0.9142149090766907,1,10
09__walk_down_hall_angry.mp4,1,0.756849467754364,1,10
12__walk_down_hall_angry.mp4,1,0.671485424041748,1,8
02__walking_down_indoor_hall_disgust.mp4,1,0.8774871826171875,1,10
04__walking_outside_cafe_disgusted.mp4,1,0.5180957913398743,1,10
23__kitchen_still.mp4,1,0.8762449622154236,1,10
05__outside_talking_pan_laughing.mp4,1,0.9592934250831604,1,8
05__kitchen_still.mp4,1,0.2855766713619232,0,10
16__walking_outside_cafe_disgusted.mp4,1,0.48907285928726196,0,10
07__kitchen_still.mp4,1,0.9289472699165344,1,10
17__outside_talking_pan_laughing.mp4,1,0.9511231780052185,1,8
13__hugging_happy.mp4,1,0.9285886883735657,1,10
07__outside_talking_still_laughing.mp4,1,0.9476844072341919,1,10
25__secret_conversation.mp4,1,0.9499044418334961,1,10
12__kitchen_pan.mp4,1,0.9478427171707153,1,8
07__walking_outside_cafe_disgusted.mp4,1,0.46354666352272034,0,10
03__walking_and_outside_surprised.mp4,1,0.8348207473754883,1,10
28__kitchen_still.mp4,1,0.857652485370636,1,10
17__walking_down_indoor_hall_disgust.mp4,1,0.7452163100242615,1,10
24__secret_conversation.mp4,1,0.9150310754776001,1,10
28__walking_outside_cafe_disgusted.mp4,1,0.88802570104599,1,10
20__walk_down_hall_angry.mp4,1,0.7118514180183411,1,10
18__talking_against_wall.mp4,1,0.9479489326477051,1,10
14__outside_talking_still_laughing.mp4,1,0.9308218359947205,1,10
21__kitchen_still.mp4,1,0.9446096420288086,1,10
08__kitchen_still.mp4,1,0.9453288316726685,1,10
19__talking_against_wall.mp4,1,0.9482734799385071,1,10
04__talking_against_wall.mp4,1,0.8840449452400208,1,10
07__exit_phone_room.mp4,1,0.8445968627929688,1,10
19__walking_outside_cafe_disgusted.mp4,1,0.4203473627567291,0,10
11__walking_outside_cafe_disgusted.mp4,1,0.8695589303970337,1,10
28__talking_angry_couch.mp4,1,0.9474140405654907,1,10
02__walking_outside_cafe_disgusted.mp4,1,0.7177645564079285,1,10
11__talking_angry_couch.mp4,1,0.8542303442955017,1,10
05__outside_talking_still_laughing.mp4,1,0.9498918652534485,1,10
19__outside_talking_pan_laughing.mp4,1,0.952098548412323,1,8
03__walking_down_street_outside_angry.mp4,1,0.7100784182548523,1,10
26__exit_phone_room.mp4,1,0.7278990745544434,1,10
23__kitchen_pan.mp4,1,0.8594873547554016,1,9
19__walk_down_hall_angry.mp4,1,0.7225638628005981,1,10
20__kitchen_still.mp4,1,0.9358429312705994,1,10
13__walking_and_outside_surprised.mp4,1,0.9487852454185486,1,10
02__secret_conversation.mp4,1,0.9202203750610352,1,10
24__kitchen_pan.mp4,1,0.9447653293609619,1,8
18__podium_speech_happy.mp4,1,0.79875248670578,1,10
13__podium_speech_happy.mp4,1,0.8901519775390625,1,10
14__walking_down_street_outside_angry.mp4,1,0.8255634307861328,1,10
27__walking_down_street_outside_angry.mp4,1,0.8085147142410278,1,10
22__outside_talking_still_laughing.mp4,1,0.947302520275116,1,10
17__talking_against_wall.mp4,1,0.9506506323814392,1,10
06__podium_speech_happy.mp4,1,0.5510401129722595,1,10
15__talking_against_wall.mp4,1,0.9502024054527283,1,10
17__walking_and_outside_surprised.mp4,1,0.7652499079704285,1,10
27__kitchen_pan.mp4,1,0.8473890423774719,1,9
16__podium_speech_happy.mp4,1,0.18260741233825684,0,10
23__outside_talking_pan_laughing.mp4,1,0.9487203359603882,1,8
15__walking_down_indoor_hall_disgust.mp4,1,0.8646498918533325,1,10
23__outside_talking_still_laughing.mp4,1,0.9495078921318054,1,10
14__hugging_happy.mp4,1,0.9361065030097961,1,10
12__outside_talking_still_laughing.mp4,1,0.9497437477111816,1,10
21__podium_speech_happy.mp4,1,0.8494318127632141,1,10
03__walking_down_indoor_hall_disgust.mp4,1,0.8698925375938416,1,10
26__walking_down_street_outside_angry.mp4,1,0.6916778087615967,1,10
17__walking_down_street_outside_angry.mp4,1,0.7374976873397827,1,10
01__talking_angry_couch.mp4,1,0.8899739384651184,1,10
05__podium_speech_happy.mp4,1,0.6206520199775696,1,10
08__podium_speech_happy.mp4,1,0.8606443405151367,1,10
16__outside_talking_pan_laughing.mp4,1,0.9288263320922852,1,9
10__walking_outside_cafe_disgusted.mp4,1,0.8025687336921692,1,10
24__kitchen_still.mp4,1,0.9401236772537231,1,10
24__talking_against_wall.mp4,1,0.9404435157775879,1,10
07__outside_talking_pan_laughing.mp4,1,0.9494167566299438,1,8
04__outside_talking_pan_laughing.mp4,1,0.9506314992904663,1,8
26__podium_speech_happy.mp4,1,0.7808914184570312,1,10
22__walking_outside_cafe_disgusted.mp4,1,0.8891983032226562,1,10
01__outside_talking_pan_laughing.mp4,1,0.922027587890625,1,8
24__walk_down_hall_angry.mp4,1,0.6906786561012268,1,10
24__walking_outside_cafe_disgusted.mp4,1,0.6959028244018555,1,10
24__walking_down_street_outside_angry.mp4,1,0.8231367468833923,1,10
10__exit_phone_room.mp4,1,0.8881325721740723,1,10
27__walking_outside_cafe_disgusted.mp4,1,0.8564544916152954,1,10
07__talking_against_wall.mp4,1,0.9425312876701355,1,10
17__podium_speech_happy.mp4,1,0.9056988954544067,1,10
01__walking_and_outside_surprised.mp4,1,0.9384719729423523,1,10
17__kitchen_pan.mp4,1,0.9517849683761597,1,8
20__walking_down_indoor_hall_disgust.mp4,1,0.7558045387268066,1,10
02__exit_phone_room.mp4,1,0.7933275103569031,1,10
05__talking_against_wall.mp4,1,0.5654032826423645,1,10
01__podium_speech_happy.mp4,1,0.9462159276008606,1,10
06__talking_against_wall.mp4,1,0.8186702728271484,1,10
11__secret_conversation.mp4,1,0.8876248598098755,1,10
05__hugging_happy.mp4,1,0.9499894976615906,1,10
10__kitchen_still.mp4,1,0.9166831374168396,1,10
27__podium_speech_happy.mp4,1,0.6823483109474182,1,10
10__talking_against_wall.mp4,1,0.9116403460502625,1,10
12__hugging_happy.mp4,1,0.9430389404296875,1,10
19__kitchen_pan.mp4,1,0.7007312774658203,1,8
14__outside_talking_pan_laughing.mp4,1,0.9478845596313477,1,8
12__walking_outside_cafe_disgusted.mp4,1,0.8448998332023621,1,10
13__walking_down_street_outside_angry.mp4,1,0.9040939211845398,1,10
20__outside_talking_still_laughing.mp4,1,0.9408414959907532,1,10
09__podium_speech_happy.mp4,1,0.9245134592056274,1,10
23__secret_conversation.mp4,1,0.8926637768745422,1,10
11__kitchen_still.mp4,1,0.946088969707489,1,10
06__talking_angry_couch.mp4,1,0.8428043723106384,1,10
09__exit_phone_room.mp4,1,0.6046789288520813,1,10
04__kitchen_still.mp4,1,0.5676590800285339,1,10
01__kitchen_still.mp4,1,0.9487521052360535,1,10
16__walking_down_indoor_hall_disgust.mp4,1,0.7303450703620911,1,10
07__walking_down_street_outside_angry.mp4,1,0.7084542512893677,1,10
24__outside_talking_still_laughing.mp4,1,0.9459766745567322,1,10
26__talking_angry_couch.mp4,1,0.7437540888786316,1,10
26__outside_talking_still_laughing.mp4,1,0.9194046258926392,1,10
13__secret_conversation.mp4,1,0.9580684900283813,1,10
21__outside_talking_pan_laughing.mp4,1,0.94599848985672,1,8
20__talking_against_wall.mp4,1,0.9416147470474243,1,10
23__talking_angry_couch.mp4,1,0.8177968263626099,1,10
27__meeting_serious.mp4,1,0.44354087114334106,0,10
11__kitchen_pan.mp4,1,0.8893745541572571,1,9
25__outside_talking_still_laughing.mp4,1,0.9474124908447266,1,10
03__talking_against_wall.mp4,1,0.8304105997085571,1,10
28__exit_phone_room.mp4,1,0.7403590083122253,1,10
10__outside_talking_still_laughing.mp4,1,0.9475458264350891,1,10
21__talking_against_wall.mp4,1,0.9450259208679199,1,10
01__secret_conversation.mp4,1,0.834927499294281,1,10
23__podium_speech_happy.mp4,1,0.8633214831352234,1,10
07__hugging_happy.mp4,1,0.9231145977973938,1,10
14__podium_speech_happy.mp4,1,0.895271897315979,1,10
08_28__walking_outside_cafe_disgusted__GQN9WHLD.mp4,0,0.3334508538246155,0,10
07_12__walk_down_hall_angry__KAG65PEE.mp4,0,0.8650620579719543,1,10
20_09__walking_down_indoor_hall_disgust__0IRM5ADD.mp4,0,0.6996810436248779,1,10
20_27__walk_down_hall_angry__LM907ECA.mp4,0,0.4788074493408203,0,10
28_16__exit_phone_room__U757192N.mp4,0,0.06553845852613449,0,10
18_27__kitchen_pan__BSOLX3SI.mp4,0,0.17692013084888458,0,10
21_09__outside_talking_still_laughing__O9ER29Z6.mp4,0,0.22861447930335999,0,10
14_09__hugging_happy__6TEK3ZX0.mp4,0,0.07313800603151321,0,10
24_19__walk_down_hall_angry__OF8LF68K.mp4,0,0.25132545828819275,0,10
14_18__outside_talking_still_laughing__6SB2BR0A.mp4,0,0.23860116302967072,0,10
06_02__exit_phone_room__J1W9R0NG.mp4,0,0.07141438871622086,0,10
07_06__exit_phone_room__NMGYPBXE.mp4,0,0.2931690216064453,0,10
21_20__walking_down_indoor_hall_disgust__ZCB5OMEW.mp4,0,0.18833233416080475,0,10
01_20__outside_talking_pan_laughing__OTGHOG4Z.mp4,0,0.8984014391899109,1,10
03_09__secret_conversation__RCETIXYL.mp4,0,0.7111086845397949,1,10
06_07__exit_phone_room__NMGYPBXE.mp4,0,0.10512161254882812,0,10
04_01__outside_talking_still_laughing__6I623VU9.mp4,0,0.4974144399166107,0,10
10_22__podium_speech_happy__EHARPYBT.mp4,0,0.8395828604698181,1,10
09_18__kitchen_pan__3VP8836C.mp4,0,0.05505328252911568,0,10
07_04__hugging_happy__QKCCFKBT.mp4,0,0.12993048131465912,0,10
18_27__outside_talking_pan_laughing__NYHE8D0J.mp4,0,0.7268328070640564,1,10
02_09__outside_talking_still_laughing__9TDCEK1Q.mp4,0,0.053084757179021835,0,10
22_23__walking_outside_cafe_disgusted__J8JK3NBV.mp4,0,0.14439144730567932,0,10
03_11__exit_phone_room__P08VGHTA.mp4,0,0.16025717556476593,0,10
23_10__walking_down_street_outside_angry__W02WYPCX.mp4,0,0.2378087341785431,0,10
12_06__walking_down_street_outside_angry__F3I4PDYF.mp4,0,0.15959826111793518,0,10
04_21__talking_angry_couch__5Y31RZP8.mp4,0,0.23073828220367432,0,10
01_11__outside_talking_pan_laughing__WIZ7GKOD.mp4,0,0.8413209915161133,1,10
07_09__kitchen_pan__N9CWME71.mp4,0,0.0634002685546875,0,10
03_06__hugging_happy__4I8LRXWF.mp4,0,0.6873144507408142,1,10
06_02__outside_talking_still_laughing__HZAXM70B.mp4,0,0.921883225440979,1,10
17_08__hugging_happy__05AN86QA.mp4,0,0.5665589570999146,1,10
26_03__talking_angry_couch__WBSXBL82.mp4,0,0.734592080116272,1,10
18_02__secret_conversation__OXMEEFUQ.mp4,0,0.578252375125885,1,10
12_11__podium_speech_happy__8NS148U7.mp4,0,0.32578879594802856,0,10
28_05__kitchen_pan__2DK5X0Y0.mp4,0,0.08314695209264755,0,10
14_20__outside_talking_pan_laughing__R7SPX6OK.mp4,0,0.052294112741947174,0,10
22_23__outside_talking_still_laughing__10R2HRAU.mp4,0,0.9477314352989197,1,10
06_12__hugging_happy__F3I4PDYF.mp4,0,0.0608561709523201,0,10
19_24__walk_down_hall_angry__59PN7WZ2.mp4,0,0.07601023465394974,0,10
06_25__outside_talking_still_laughing__3QQBVBYN.mp4,0,0.5626764893531799,1,10
07_02__exit_phone_room__1KPVZAAP.mp4,0,0.17016221582889557,0,10
20_15__hugging_happy__99NHTFBM.mp4,0,0.27087417244911194,0,10
06_18__podium_speech_happy__5HNHMK6G.mp4,0,0.08002521842718124,0,10
02_13__talking_angry_couch__AROBAY8R.mp4,0,0.054694365710020065,0,10
07_25__outside_talking_pan_laughing__IKMKYKPG.mp4,0,0.6048566699028015,1,10
06_26__kitchen_pan__L5BVR5L9.mp4,0,0.0612175278365612,0,10
02_09__hugging_happy__9TDCEK1Q.mp4,0,0.05148518830537796,0,10
15_04__walk_down_hall_angry__7NW4Z6WZ.mp4,0,0.24578838050365448,0,10
17_16__outside_talking_pan_laughing__EWJJTZHY.mp4,0,0.8272018432617188,1,10
06_14__kitchen_still__8U9ULZDT.mp4,0,0.1290016621351242,0,10
23_19__walking_down_indoor_hall_disgust__H4SUVFTL.mp4,0,0.6905423998832703,1,10
12_03__exit_phone_room__D7G6YJON.mp4,0,0.08594115078449249,0,10
01_20__outside_talking_still_laughing__OTGHOG4Z.mp4,0,0.7411735653877258,1,10
07_02__outside_talking_still_laughing__1ZE4HC06.mp4,0,0.5616170167922974,1,10
06_25__walking_and_outside_surprised__MI9BDQ7M.mp4,0,0.8820398449897766,1,10
10_23__outside_talking_pan_laughing__ZHJO34DY.mp4,0,0.8519708514213562,1,10
26_14__kitchen_pan__SU8SAHTT.mp4,0,0.05133187770843506,0,10
06_15__walking_and_outside_surprised__QRCD27P8.mp4,0,0.913840115070343,1,10
14_26__kitchen_pan__SU8SAHTT.mp4,0,0.13468630611896515,0,10
26_04__kitchen_pan__MS2MLJP1.mp4,0,0.07319960743188858,0,10
12_13__walking_down_street_outside_angry__2TM4IFSF.mp4,0,0.8635803461074829,1,10
17_16__walking_down_indoor_hall_disgust__S7UMSIQV.mp4,0,0.12746845185756683,0,10
22_10__walk_down_hall_angry__G48B2EQ2.mp4,0,0.5840927958488464,1,10
20_25__talking_against_wall__AMY6M1KL.mp4,0,0.04496964439749718,0,10
21_11__kitchen_still__T7DK03O1.mp4,0,0.7107441425323486,1,10
15_02__podium_speech_happy__I8G2LWD1.mp4,0,0.6668797135353088,1,10
23_22__kitchen_still__J8JK3NBV.mp4,0,0.04927922412753105,0,10
02_14__kitchen_pan__3IUBEKCT.mp4,0,0.5030488967895508,1,10
01_11__secret_conversation__4OJNJLOO.mp4,0,0.8718584179878235,1,10
20_11__kitchen_still__GNK9UR8K.mp4,0,0.04963802173733711,0,10
26_06__walking_outside_cafe_disgusted__L5BVR5L9.mp4,0,0.783346951007843,1,10
09_02__podium_speech_happy__9TDCEK1Q.mp4,0,0.14744596183300018,0,10
24_19__walking_down_street_outside_angry__QD5K7BP2.mp4,0,0.4429496228694916,0,10
18_13__outside_talking_still_laughing__3II4T6H5.mp4,0,0.6219525933265686,1,10
15_12__walking_down_indoor_hall_disgust__RK17XFJ9.mp4,0,0.9102088809013367,1,10
01_11__outside_talking_still_laughing__9229VVZ3.mp4,0,0.09776519238948822,0,10
06_26__talking_against_wall__L5BVR5L9.mp4,0,0.05015642195940018,0,10
06_07__talking_against_wall__NMGYPBXE.mp4,0,0.05160630866885185,0,10
26_27__podium_speech_happy__IE9N0ZI9.mp4,0,0.24997618794441223,0,10
14_07__walking_down_indoor_hall_disgust__P9QFO50U.mp4,0,0.0637616440653801,0,10
21_11__hugging_happy__USLHUQDI.mp4,0,0.2279922068119049,0,10
03_14__walking_down_street_outside_angry__Q9NSXM88.mp4,0,0.7577494978904724,1,10
18_06__walking_outside_cafe_disgusted__OWJY9LQU.mp4,0,0.7105668187141418,1,10
06_02__talking_angry_couch__U6MDWIHG.mp4,0,0.4289809763431549,0,10
18_03__exit_phone_room__32DBR8L4.mp4,0,0.18810026347637177,0,10
04_12__kitchen_pan__B6YJ9IW1.mp4,0,0.20614056289196014,0,10
15_02__outside_talking_pan_laughing__I8G2LWD1.mp4,0,0.5083659887313843,1,10
20_03__hugging_happy__Z6V05FXO.mp4,0,0.19324825704097748,0,10
17_16__talking_against_wall__S7UMSIQV.mp4,0,0.0626676082611084,0,10
06_02__talking_angry_couch__J1W9R0NG.mp4,0,0.5182005167007446,1,10
16_05__podium_speech_happy__SYY41YGX.mp4,0,0.055701155215501785,0,10
12_11__walking_outside_cafe_disgusted__8NS148U7.mp4,0,0.39351460337638855,0,10
20_01__outside_talking_still_laughing__6UBMLXK3.mp4,0,0.5334459543228149,1,10
15_14__talking_against_wall__3FRJCJ0V.mp4,0,0.04955577850341797,0,10
07_03__exit_phone_room__WPT3Z2KN.mp4,0,0.30672940611839294,0,10
18_14__exit_phone_room__0YRBHIKG.mp4,0,0.22656850516796112,0,10
14_03__kitchen_still__0O9TTCJT.mp4,0,0.04971626028418541,0,10
10_22__exit_phone_room__G48B2EQ2.mp4,0,0.7152802348136902,1,10
02_09__walking_down_street_outside_angry__HIH8YA82.mp4,0,0.47992783784866333,0,10
08_17__podium_speech_happy__ZCEYWYTC.mp4,0,0.12808483839035034,0,10
07_03__kitchen_pan__WPT3Z2KN.mp4,0,0.3987734913825989,0,10
12_07__outside_talking_pan_laughing__0VN0A2T3.mp4,0,0.8197780847549438,1,10
09_21__exit_phone_room__CGIID3GV.mp4,0,0.15578486025333405,0,10
15_06__exit_phone_room__E98QYYXO.mp4,0,0.8060510754585266,1,10
18_27__kitchen_pan__G7OOOUCX.mp4,0,0.18121005594730377,0,10
23_19__outside_talking_still_laughing__D1K19NUP.mp4,0,0.05433546379208565,0,10
09_18__outside_talking_pan_laughing__3VP8836C.mp4,0,0.44342395663261414,0,10
09_13__walk_down_hall_angry__BVZGDFD8.mp4,0,0.7385827898979187,1,10
07_09__secret_conversation__N9CWME71.mp4,0,0.8850957751274109,1,10
09_14__outside_talking_still_laughing__FRY0IZ4R.mp4,0,0.16737370193004608,0,10
25_21__podium_speech_happy__NFBISHIN.mp4,0,0.22981159389019012,0,10
11_26__walking_outside_cafe_disgusted__ALJ0OHNM.mp4,0,0.2129153311252594,0,10
12_15__talking_angry_couch__N0SRODQD.mp4,0,0.2878504991531372,0,10
20_03__walk_down_hall_angry__61SVZ2J7.mp4,0,0.5735816955566406,1,10
04_01__walking_down_street_outside_angry__GBC7ZGDP.mp4,0,0.9420572519302368,1,10
04_18__exit_phone_room__6J3ZFEJQ.mp4,0,0.2502829134464264,0,10
12_26__podium_speech_happy__BFBNM8FR.mp4,0,0.06183002516627312,0,10
15_13__kitchen_pan__X0EIIJF7.mp4,0,0.052475571632385254,0,10
02_27__walking_outside_cafe_disgusted__3L1MLH3D.mp4,0,0.7794194221496582,1,10
20_13__walk_down_hall_angry__4SAX54BT.mp4,0,0.3448708653450012,0,10
16_05__walking_down_street_outside_angry__BY646B4R.mp4,0,0.05006726458668709,0,10
27_18__outside_talking_pan_laughing__NYHE8D0J.mp4,0,0.2596277594566345,0,10
13_20__podium_speech_happy__C50CSOEX.mp4,0,0.3181914985179901,0,10
02_06__walking_down_indoor_hall_disgust__U6MDWIHG.mp4,0,0.7639942169189453,1,10
21_11__walking_outside_cafe_disgusted__T7DK03O1.mp4,0,0.25337255001068115,0,10
02_09__kitchen_pan__HIH8YA82.mp4,0,0.26756665110588074,0,10
14_09__walking_outside_cafe_disgusted__6TEK3ZX0.mp4,0,0.12668810784816742,0,10
04_21__outside_talking_pan_laughing__NRI4PHWP.mp4,0,0.38689908385276794,0,10
28_08__walking_outside_cafe_disgusted__8BC35RFU.mp4,0,0.2057478427886963,0,10
06_15__talking_against_wall__QRCD27P8.mp4,0,0.045901477336883545,0,10
24_19__outside_talking_pan_laughing__LVZNRK9S.mp4,0,0.5108620524406433,1,10
26_14__secret_conversation__ILLP29ZH.mp4,0,0.6684935688972473,1,10
18_06__secret_conversation__DEA1TCLN.mp4,0,0.9527592062950134,1,10
13_27__hugging_happy__A1OSUJE9.mp4,0,0.3824111223220825,0,10
04_01__walking_down_street_outside_angry__0XUW13RW.mp4,0,0.3910801112651825,0,10
14_07__hugging_happy__VOX29AK0.mp4,0,0.35826927423477173,0,10
02_25__walking_down_street_outside_angry__Z7FQ69VP.mp4,0,0.11005126684904099,0,10
02_07__talking_against_wall__1ZE4HC06.mp4,0,0.05083206295967102,0,10
06_20__podium_speech_happy__6SUW7063.mp4,0,0.08974295854568481,0,10
14_20__secret_conversation__B014BKVO.mp4,0,0.401011198759079,0,10
23_10__outside_talking_still_laughing__CU6SNBFZ.mp4,0,0.7379921078681946,1,10
27_14__walk_down_hall_angry__0KSONKQ2.mp4,0,0.30365705490112305,0,10
01_15__walk_down_hall_angry__02HILKYO.mp4,0,0.8403903245925903,1,10
15_12__walk_down_hall_angry__N0SRODQD.mp4,0,0.27803370356559753,0,10
07_12__talking_angry_couch__88BSFG9O.mp4,0,0.1390421986579895,0,10
15_02__talking_against_wall__MZWH8ATN.mp4,0,0.04814774543046951,0,10
13_02__walking_down_indoor_hall_disgust__AROBAY8R.mp4,0,0.15245915949344635,0,10
02_09__kitchen_pan__9TDCEK1Q.mp4,0,0.26096704602241516,0,10
12_07__walking_and_outside_surprised__KAG65PEE.mp4,0,0.953876793384552,1,10
03_06__talking_against_wall__OPTNKNYK.mp4,0,0.04458988457918167,0,10
25_15__walking_down_street_outside_angry__BXVA6VQB.mp4,0,0.11136281490325928,0,10
21_11__walking_down_indoor_hall_disgust__T7DK03O1.mp4,0,0.5863664746284485,1,10
26_12__walking_down_street_outside_angry__OVOQACG8.mp4,0,0.5646592974662781,1,10
07_02__kitchen_still__1ZE4HC06.mp4,0,0.10309877246618271,0,10
03_07__exit_phone_room__WPT3Z2KN.mp4,0,0.6129456162452698,1,10
01_20__meeting_serious__FW94AIMJ.mp4,0,0.8493790030479431,1,10
15_02__outside_talking_still_laughing__HTG660F8.mp4,0,0.6822735667228699,1,10
14_03__exit_phone_room__7JPPCV50.mp4,0,0.3206818103790283,0,10
13_12__secret_conversation__2TM4IFSF.mp4,0,0.9517790079116821,1,10
26_20__outside_talking_pan_laughing__01OJA93K.mp4,0,0.6998298764228821,1,10
27_13__walking_and_outside_surprised__A1OSUJE9.mp4,0,0.46778401732444763,0,10
13_12__secret_conversation__DJ7MF331.mp4,0,0.5697086453437805,1,10
01_02__talking_angry_couch__YVGY8LOK.mp4,0,0.3152173161506653,0,10
20_14__podium_speech_happy__B014BKVO.mp4,0,0.37828657031059265,0,10
26_14__kitchen_pan__ILLP29ZH.mp4,0,0.0689549595117569,0,10
19_24__outside_talking_pan_laughing__59PN7WZ2.mp4,0,0.3814939558506012,0,10
19_10__talking_against_wall__O2IKR6YM.mp4,0,0.049599871039390564,0,10
13_09__walk_down_hall_angry__6K90KFOQ.mp4,0,0.4798785150051117,0,10
15_02__outside_talking_still_laughing__P2FAY3DR.mp4,0,0.8509513735771179,1,10
14_26__walking_outside_cafe_disgusted__ILLP29ZH.mp4,0,0.059345830231904984,0,10
11_01__talking_against_wall__P06JKA75.mp4,0,0.04631265997886658,0,10
11_01__talking_against_wall__WIZ7GKOD.mp4,0,0.05449292063713074,0,10
16_08__kitchen_still__8Q7JCS95.mp4,0,0.0471765398979187,0,10
17_08__kitchen_still__ZCEYWYTC.mp4,0,0.12612830102443695,0,10
13_12__podium_speech_happy__2TM4IFSF.mp4,0,0.7461560368537903,1,10
25_26__secret_conversation__GJT740J9.mp4,0,0.7392878532409668,1,10
26_06__walking_down_street_outside_angry__L5BVR5L9.mp4,0,0.4513738751411438,0,10
19_24__walking_down_street_outside_angry__GNHYZ84G.mp4,0,0.7816640734672546,1,10
17_08__podium_speech_happy__ZCEYWYTC.mp4,0,0.83883136510849,1,10
18_02__walking_down_street_outside_angry__21JTDDEL.mp4,0,0.33649858832359314,0,10
25_12__walking_outside_cafe_disgusted__G26LG5N7.mp4,0,0.5953848361968994,1,10
19_23__kitchen_still__WHQ1229T.mp4,0,0.05179188773036003,0,10
03_18__kitchen_pan__22UBC0BS.mp4,0,0.08828573673963547,0,10
28_05__walking_down_street_outside_angry__W3J028UG.mp4,0,0.05349419265985489,0,10
17_05__kitchen_pan__C4VHXZFY.mp4,0,0.1203884407877922,0,10
03_11__outside_talking_pan_laughing__P08VGHTA.mp4,0,0.2434714138507843,0,10
06_03__podium_speech_happy__1IXGY2FK.mp4,0,0.2327611893415451,0,10
27_01__walking_and_outside_surprised__S2YCUY48.mp4,0,0.4180157780647278,0,10
03_01__hugging_happy__ISF9SP4G.mp4,0,0.6035796403884888,1,10
11_07__kitchen_still__R7R86Z62.mp4,0,0.23745258152484894,0,10
02_12__podium_speech_happy__9D2ZHEKW.mp4,0,0.06598693877458572,0,10
03_06__podium_speech_happy__ZFRX9RKW.mp4,0,0.053386103361845016,0,10
14_06__walking_and_outside_surprised__8U9ULZDT.mp4,0,0.492690771818161,0,10
27_04__hugging_happy__2CCI2ND1.mp4,0,0.1464422643184662,0,10
09_13__walking_down_street_outside_angry__NDMHWBT1.mp4,0,0.13740232586860657,0,10
04_27__podium_speech_happy__2CCI2ND1.mp4,0,0.06067100912332535,0,10
20_14__outside_talking_pan_laughing__R7SPX6OK.mp4,0,0.4908301532268524,0,10
27_09__talking_against_wall__RC9KATOO.mp4,0,0.2945287823677063,0,10
24_23__talking_against_wall__YR5OVD4S.mp4,0,0.056286659091711044,0,10
07_03__kitchen_still__WPT3Z2KN.mp4,0,0.1386869251728058,0,10
02_06__outside_talking_pan_laughing__N8OSN8P6.mp4,0,0.3436274528503418,0,10
02_15__meeting_serious__MZWH8ATN.mp4,0,0.22283931076526642,0,10
07_06__talking_against_wall__NMGYPBXE.mp4,0,0.21228933334350586,0,10
17_08__talking_against_wall__QOX5NWIJ.mp4,0,0.24506068229675293,0,10
03_21__meeting_serious__V53E3RVB.mp4,0,0.7371672987937927,1,10
09_01__walk_down_hall_angry__6TSGVLHA.mp4,0,0.05975696071982384,0,10
13_18__walking_outside_cafe_disgusted__3II4T6H5.mp4,0,0.5614201426506042,1,10
03_27__walk_down_hall_angry__KWGI1LSZ.mp4,0,0.08272327482700348,0,10
02_15__kitchen_still__HTG660F8.mp4,0,0.5530016422271729,1,10
15_25__walking_down_street_outside_angry__FF95NMIQ.mp4,0,0.2116127461194992,0,10
13_15__walking_down_indoor_hall_disgust__X0EIIJF7.mp4,0,0.05924919992685318,0,10
09_18__exit_phone_room__3VP8836C.mp4,0,0.28084495663642883,0,9
01_15__kitchen_pan__02HILKYO.mp4,0,0.5958401560783386,1,10
14_18__walking_outside_cafe_disgusted__6SB2BR0A.mp4,0,0.14645831286907196,0,10
27_02__kitchen_pan__B3XHKO27.mp4,0,0.6324881315231323,1,10
20_15__outside_talking_pan_laughing__99NHTFBM.mp4,0,0.5522441267967224,1,10
11_18__kitchen_still__TRJUIS24.mp4,0,0.04920229688286781,0,10
02_15__exit_phone_room__MCRFMYAE.mp4,0,0.8023471832275391,1,10
18_14__exit_phone_room__6SB2BR0A.mp4,0,0.20176486670970917,0,10
15_12__kitchen_still__RK17XFJ9.mp4,0,0.04953472688794136,0,10
01_21__kitchen_pan__03X7CELV.mp4,0,0.08214723318815231,0,10
13_20__kitchen_still__LXLR1B6N.mp4,0,0.9032735228538513,1,10
05_28__podium_speech_happy__2DK5X0Y0.mp4,0,0.08714259415864944,0,10
11_21__kitchen_still__T7DK03O1.mp4,0,0.126679927110672,0,10
19_23__talking_angry_couch__F7U8UY7V.mp4,0,0.43306398391723633,0,10
26_25__exit_phone_room__PQ41U3IJ.mp4,0,0.2523535192012787,0,10
02_06__walking_outside_cafe_disgusted__GH8TGTBS.mp4,0,0.06652990728616714,0,10
04_12__walking_down_street_outside_angry__96TQKDFJ.mp4,0,0.7583504319190979,1,10
07_03__walking_outside_cafe_disgusted__WPT3Z2KN.mp4,0,0.2053050547838211,0,10
03_26__kitchen_still__WBSXBL82.mp4,0,0.0500761941075325,0,10
04_02__outside_talking_still_laughing__8CH7R4LW.mp4,0,0.22277696430683136,0,10
28_16__exit_phone_room__OANAQYD5.mp4,0,0.14098365604877472,0,10
06_11__talking_against_wall__C8C4FW99.mp4,0,0.0537286214530468,0,10
07_13__exit_phone_room__RVQCPCJF.mp4,0,0.1592247486114502,0,10
15_14__walking_and_outside_surprised__OMLZILK3.mp4,0,0.9446802139282227,1,10
23_10__talking_against_wall__W4BDINQ5.mp4,0,0.05244314298033714,0,10
15_04__walking_down_indoor_hall_disgust__46TJ9IOJ.mp4,0,0.9187944531440735,1,10
15_18__walking_down_indoor_hall_disgust__V5VHLCOW.mp4,0,0.8865877389907837,1,10
19_22__walking_outside_cafe_disgusted__VK6BF5NV.mp4,0,0.15853260457515717,0,10
02_15__hugging_happy__HTG660F8.mp4,0,0.13792802393436432,0,10
18_21__outside_talking_pan_laughing__PQFTWVRQ.mp4,0,0.35073938965797424,0,10
22_19__walking_and_outside_surprised__VK6BF5NV.mp4,0,0.45000091195106506,0,10
11_18__secret_conversation__PT4YKO2R.mp4,0,0.10631147772073746,0,10
18_26__secret_conversation__UMEX6HWU.mp4,0,0.8078421950340271,1,10
02_15__outside_talking_still_laughing__SB6PMCO0.mp4,0,0.8474674224853516,1,10
15_14__talking_against_wall__4SO1CSAM.mp4,0,0.04844328761100769,0,10
06_02__walking_down_indoor_hall_disgust__U6MDWIHG.mp4,0,0.6071386933326721,1,10
03_06__walking_down_street_outside_angry__1IXGY2FK.mp4,0,0.4032079875469208,0,10
04_01__walking_outside_cafe_disgusted__0XUW13RW.mp4,0,0.3207935392856598,0,10
02_06__walk_down_hall_angry__MKZTXQ2T.mp4,0,0.2611101567745209,0,10
18_06__walking_down_street_outside_angry__MVXBDKGB.mp4,0,0.05767154321074486,0,10
26_13__secret_conversation__XRS5W2NC.mp4,0,0.4317055642604828,0,10
02_13__kitchen_pan__2YSYT2N3.mp4,0,0.31584057211875916,0,10
07_12__walking_outside_cafe_disgusted__KAG65PEE.mp4,0,0.1393459588289261,0,10
15_21__hugging_happy__87WSBJP3.mp4,0,0.060651253908872604,0,10
13_11__kitchen_pan__XXKQ4XM0.mp4,0,0.8080644011497498,1,10
26_25__outside_talking_pan_laughing__157Z8P8P.mp4,0,0.6504775881767273,1,10
03_21__talking_against_wall__YCSEBZO4.mp4,0,0.04829930141568184,0,10
07_06__walking_down_street_outside_angry__NMGYPBXE.mp4,0,0.27294978499412537,0,10
25_21__walking_outside_cafe_disgusted__2R46UX3R.mp4,0,0.6206695437431335,1,10
03_14__walking_outside_cafe_disgusted__PLCQJM81.mp4,0,0.07756608724594116,0,10
25_12__secret_conversation__0SA36BZ5.mp4,0,0.4768948256969452,0,10
02_15__secret_conversation__N864L40U.mp4,0,0.42429396510124207,0,10
06_15__outside_talking_still_laughing__QRCD27P8.mp4,0,0.24324670433998108,0,10
25_26__outside_talking_still_laughing__7ZRKCFMS.mp4,0,0.6224662661552429,1,10
02_09__walking_down_street_outside_angry__6KUOFMZW.mp4,0,0.04950505122542381,0,10
27_18__outside_talking_still_laughing__NYHE8D0J.mp4,0,0.05725932866334915,0,10
11_21__secret_conversation__1EAA3MPV.mp4,0,0.3598526418209076,0,10
01_12__outside_talking_pan_laughing__TNI7KUZ6.mp4,0,0.15515699982643127,0,10
26_14__walking_outside_cafe_disgusted__ILLP29ZH.mp4,0,0.33510109782218933,0,10
13_02__outside_talking_still_laughing__2YSYT2N3.mp4,0,0.7670086026191711,1,10
09_07__walk_down_hall_angry__N9CWME71.mp4,0,0.23581452667713165,0,10
25_20__outside_talking_still_laughing__M86GQTHK.mp4,0,0.10323701053857803,0,10
03_12__walk_down_hall_angry__D7G6YJON.mp4,0,0.1434570550918579,0,10
15_03__kitchen_still__OY4I7ZU8.mp4,0,0.04748114198446274,0,10
13_25__talking_against_wall__7YMTAF29.mp4,0,0.8178804516792297,1,10
03_15__walk_down_hall_angry__T5SHH2UL.mp4,0,0.28037798404693604,0,10
15_20__walking_down_indoor_hall_disgust__99NHTFBM.mp4,0,0.8903865814208984,1,10
27_26__outside_talking_still_laughing__IE9N0ZI9.mp4,0,0.057699281722307205,0,10
20_14__secret_conversation__3HWOJRAM.mp4,0,0.6330356597900391,1,10
18_09__kitchen_still__3VP8836C.mp4,0,0.04986317828297615,0,10
03_15__outside_talking_pan_laughing__GZNLO4X9.mp4,0,0.8715723156929016,1,10
03_14__secret_conversation__KJ221YN0.mp4,0,0.7056767344474792,1,10
18_26__walk_down_hall_angry__UMEX6HWU.mp4,0,0.21634750068187714,0,10
15_07__outside_talking_still_laughing__KM6M2TBT.mp4,0,0.1545516401529312,0,10
01_15__outside_talking_pan_laughing__02HILKYO.mp4,0,0.7840994596481323,1,10
14_18__walking_and_outside_surprised__A5A1Q467.mp4,0,0.4527812600135803,0,10
26_20__podium_speech_happy__01OJA93K.mp4,0,0.07911447435617447,0,10
20_01__walk_down_hall_angry__FW94AIMJ.mp4,0,0.2676984965801239,0,10
13_20__walk_down_hall_angry__HQHYKNGK.mp4,0,0.5818209052085876,1,10
14_18__walk_down_hall_angry__A5A1Q467.mp4,0,0.6803651452064514,1,10
02_09__walk_down_hall_angry__9TDCEK1Q.mp4,0,0.05071592330932617,0,10
02_03__podium_speech_happy__QH3Y0IG0.mp4,0,0.4092787206172943,0,10
02_06__exit_phone_room__3J3BHSHI.mp4,0,0.28660494089126587,0,10
20_13__hugging_happy__HQHYKNGK.mp4,0,0.2693471610546112,0,10
24_22__talking_angry_couch__7E3GY85F.mp4,0,0.29933008551597595,0,10
12_15__walk_down_hall_angry__N0SRODQD.mp4,0,0.1472335159778595,0,10
12_04__walking_down_street_outside_angry__B6YJ9IW1.mp4,0,0.08992484211921692,0,10
03_15__meeting_serious__Q14RO7M7.mp4,0,0.7904056906700134,1,10
22_10__walk_down_hall_angry__PUJR4HJ1.mp4,0,0.1785566806793213,0,10
26_20__outside_talking_pan_laughing__KGFLR0PH.mp4,0,0.8714184165000916,1,10
01_02__exit_phone_room__YVGY8LOK.mp4,0,0.8510324358940125,1,10
20_06__hugging_happy__6SUW7063.mp4,0,0.1194843277335167,0,10
16_05__exit_phone_room__4MEM6YNQ.mp4,0,0.047681696712970734,0,10
20_13__kitchen_pan__HQHYKNGK.mp4,0,0.07378194481134415,0,10
12_07__outside_talking_still_laughing__KAG65PEE.mp4,0,0.9471741914749146,1,10
10_19__outside_talking_still_laughing__O2IKR6YM.mp4,0,0.4319652020931244,0,10
04_26__walking_down_street_outside_angry__WX836VLY.mp4,0,0.2594691812992096,0,10
02_04__podium_speech_happy__8CH7R4LW.mp4,0,0.05694470554590225,0,10
05_08__walk_down_hall_angry__PRBCE28Z.mp4,0,0.052831973880529404,0,10
15_20__outside_talking_pan_laughing__99NHTFBM.mp4,0,0.7101060152053833,1,10
05_16__walk_down_hall_angry__V7BK27TX.mp4,0,0.06927473843097687,0,10
06_27__hugging_happy__S3T7SK9O.mp4,0,0.1453360766172409,0,10
26_27__kitchen_pan__IE9N0ZI9.mp4,0,0.05384068563580513,0,10
03_18__walk_down_hall_angry__22UBC0BS.mp4,0,0.7033832669258118,1,10
07_12__secret_conversation__1MSOAVLL.mp4,0,0.825259804725647,1,10
07_02__talking_angry_couch__1VMZUH1W.mp4,0,0.14423291385173798,0,10
10_22__walk_down_hall_angry__C1U7OY5M.mp4,0,0.27449920773506165,0,10
09_21__talking_angry_couch__Z8H2TRCI.mp4,0,0.35790303349494934,0,10
03_18__walking_down_indoor_hall_disgust__UEC1BI8E.mp4,0,0.7891182899475098,1,10
15_02__talking_against_wall__HTG660F8.mp4,0,0.0761265754699707,0,10
15_01__talking_angry_couch__02HILKYO.mp4,0,0.6205719113349915,1,10
20_12__kitchen_still__VD7BCF1U.mp4,0,0.04791061207652092,0,10
01_04__talking_angry_couch__0XUW13RW.mp4,0,0.09120833873748779,0,10
11_03__outside_talking_pan_laughing__P08VGHTA.mp4,0,0.6103091239929199,1,10
18_14__outside_talking_still_laughing__6SB2BR0A.mp4,0,0.8400626182556152,1,10
15_06__talking_against_wall__QRCD27P8.mp4,0,0.04674477502703667,0,10
13_27__walking_and_outside_surprised__A1OSUJE9.mp4,0,0.13285982608795166,0,10
14_02__secret_conversation__3IUBEKCT.mp4,0,0.7388988137245178,1,10
07_20__walk_down_hall_angry__KV6Q7D6C.mp4,0,0.6388551592826843,1,10
05_08__hugging_happy__FBICSP2C.mp4,0,0.23405461013317108,0,10
26_14__talking_against_wall__ILLP29ZH.mp4,0,0.05423085764050484,0,10
07_14__outside_talking_still_laughing__P9QFO50U.mp4,0,0.8765777945518494,1,10
15_06__outside_talking_pan_laughing__QRCD27P8.mp4,0,0.24130813777446747,0,10
13_02__walking_down_indoor_hall_disgust__CP5HFV3K.mp4,0,0.1274511069059372,0,10
03_01__podium_speech_happy__480LQD1C.mp4,0,0.9294706583023071,1,10
12_06__talking_against_wall__3K21NFNM.mp4,0,0.08329492062330246,0,10
04_13__podium_speech_happy__00T3UYOR.mp4,0,0.3634922206401825,0,10
09_03__talking_angry_couch__RCETIXYL.mp4,0,0.6034863591194153,1,10
21_14__kitchen_still__IRKML4J0.mp4,0,0.1429416537284851,0,10
16_17__walk_down_hall_angry__EWJJTZHY.mp4,0,0.039321169257164,0,10
20_25__exit_phone_room__M86GQTHK.mp4,0,0.15840177237987518,0,10
06_03__walking_down_indoor_hall_disgust__KIWCEATU.mp4,0,0.6414089202880859,1,10
01_09__walk_down_hall_angry__P70H1JB0.mp4,0,0.7278580069541931,1,10
13_09__talking_against_wall__21H6XSPE.mp4,0,0.06856053322553635,0,10
18_06__podium_speech_happy__M36D0OJT.mp4,0,0.048194583505392075,0,10
21_01__talking_angry_couch__03X7CELV.mp4,0,0.4293219745159149,0,10
03_14__walking_and_outside_surprised__P1L5PF4I.mp4,0,0.4762801229953766,0,10
06_11__outside_talking_pan_laughing__C8C4FW99.mp4,0,0.49575406312942505,0,10
07_14__exit_phone_room__P9QFO50U.mp4,0,0.19935902953147888,0,10
26_12__walk_down_hall_angry__BFBNM8FR.mp4,0,0.08054033666849136,0,10
05_28__walking_down_street_outside_angry__U9LRLJ6N.mp4,0,0.06022116169333458,0,10
07_13__walking_outside_cafe_disgusted__RVQCPCJF.mp4,0,0.17152035236358643,0,10
03_01__podium_speech_happy__JZUXXFRB.mp4,0,0.8194942474365234,1,10
09_13__talking_against_wall__LPT427RY.mp4,0,0.13172374665737152,0,10
02_09__kitchen_still__6KUOFMZW.mp4,0,0.5473284721374512,1,10
28_05__podium_speech_happy__VR9127O1.mp4,0,0.10320679098367691,0,10
14_13__walking_down_indoor_hall_disgust__KMQ3AW6A.mp4,0,0.24015741050243378,0,10
11_06__exit_phone_room__C8C4FW99.mp4,0,0.18366606533527374,0,10
12_25__walking_outside_cafe_disgusted__0SA36BZ5.mp4,0,0.16669988632202148,0,10
23_22__exit_phone_room__10R2HRAU.mp4,0,0.8094501495361328,1,10
15_07__exit_phone_room__UGGRZJ60.mp4,0,0.13517287373542786,0,10
